ИМЯ ЛИСТА,ИМЯ ФАЙЛА,ИМЯ ПОЛЯ,признка json,имя ключа внутри json (лист с полным путем от верха (кроме названия колонки самой),label если есть,description если есть,имеющиеся даныне о типе поля,имеющиеся данные об ограничениях ввода,имеющиеся данные о вариантах значений,наличие поля в CSV файлах не пустые значений (кол-во),наличие поля в CSV файлах пустые значений (кол-во),признак того что поле есть в CSV,признак того что поле упоминается в ПКАП параметры,признак того что поле упоминается в Стурктура БД Фабрика
Конкурсы,CONTEST (PROM) 17-04 v0.csv,BUSINESS_BLOCK,Нет,,Бизнес-блок,"Бизнес-блок(и), к которым относится конкурс.",enum,required=True; allows_empty=False,"[""[]"", ""[\""\""\""KMKKSB\""\""\""]"", ""[\""\""\""MNS\""\""\""]"", ""[\""\""\""KMSB1\""\""\""]"", ""[\""\""\""SERVICEMEN\""\""\""]"", ""[\""\""\""KMFACTORING\""\""\""]"", ""[\""\""\""IMUB\""\""\""]"", ""[\""\""\""RNUB\""\""\""]"", ""[\""\""\""RSB1\""\""\""]""]",348,0,Да,Да,Да
Конкурсы,CONTEST (PROM) 17-04 v0.csv,BUSINESS_STATUS,Нет,,Статус конкурса,"Текущий бизнес-статус конкурса (например, АКТИВНЫЙ/АРХИВНЫЙ).",enum,required=True; allows_empty=False,"[""АКТИВНЫЙ"", ""АРХИВНЫЙ""]",348,0,Да,Да,Да
Конкурсы,CONTEST (PROM) 17-04 v0.csv,CALC_TYPE,Нет,,Тип расчета,"В списке: «Ручной расчет» → в ячейку 1, «Промышленный расчет» → 0.",enum,required=True; allows_empty=False,"[""1"", ""0""]",348,0,Да,Да,Нет
Конкурсы,CONTEST (PROM) 17-04 v0.csv,CLOSE_DT,Нет,,Дата завершения,Дата завершения конкурса.,"textarea:{'input_type': 'date', 'storage_format': 'YYYY-MM-DD'}",required=True; allows_empty=False,,348,0,Да,Да,Да
Конкурсы,CONTEST (PROM) 17-04 v0.csv,CONTEST_CODE,Нет,,Код конкурса,Уникальный код конкурса,,required=True; allows_empty=False,,348,0,Да,Да,Да
Конкурсы,CONTEST (PROM) 17-04 v0.csv,CONTEST_DESCRIPTION,Нет,,Подробное описание конкурса,Текстовое описание условий и механики конкурса.,"textarea:{'input_type': 'text', 'min_rows': 6, 'max_rows': 18}",required=True; allows_empty=False,,348,0,Да,Да,Да
Конкурсы,CONTEST (PROM) 17-04 v0.csv,CONTEST_FACTOR_METHOD,Нет,,Метод итогового показателя,Правило расчёта итогового показателя конкурса по периодам.,enum,required=True; allows_empty=False,"[""FACT"", ""FACT0-FACT1"", ""RUN_RATE"", ""RUN_RATE-FACT1"", ""FACT0-RUN_RATE1_DOWN"", ""RUN_RATE/FACT1"", ""FACT0/RUN_RATE1_DOWN""]",348,0,Да,Да,Нет
Конкурсы,CONTEST (PROM) 17-04 v0.csv,CONTEST_FEATURE,Да,,,,,,,348,0,Да,Да,Да
Конкурсы,CONTEST (PROM) 17-04 v0.csv,CONTEST_FEATURE,Да,accuracy,Знак точности,Число знаков после запятой в карточке турнира,"numeric:{'comment': 'CONTEST_FEATURE.accuracy: целое 0…8 в JSON-редакторе (числовой ввод).', 'format': 'integer', 'min': 0, 'max': 8}",required=False; allows_empty=True; min=0; max=8; format=integer,"0, 1, 2, 3, 5",348,0,Да,Да,Да
Конкурсы,CONTEST (PROM) 17-04 v0.csv,CONTEST_FEATURE,Да,avatarShow,Показывать аватар,Флаг отображения аватара участника в карточке конкурса.,enum,required=False; allows_empty=True,"[""Y"", ""N""]",2,0,Да,Да,Да
Конкурсы,CONTEST (PROM) 17-04 v0.csv,CONTEST_FEATURE,Да,businessBlock,Бизнес-блок,businessBlock,"textarea:{'json_scalar_array': False, 'min_rows': 2, 'max_rows': 3}; enum",required=False; allows_empty=True,"["""", ""KMKKSB"", ""MNS"", ""KMSB1"", ""SERVICEMEN"", ""KMFACTORING"", ""IMUB"", ""RNUB"", ""RSB1""]",348,0,Да,Да,Да
Конкурсы,CONTEST (PROM) 17-04 v0.csv,CONTEST_FEATURE,Да,capacity,Округление,Округление значения в карточке турнира,enum,required=False; allows_empty=True,"["""", ""MILLIONS"", ""THOUSANDS""]",119,229,Да,Да,Да
Конкурсы,CONTEST (PROM) 17-04 v0.csv,CONTEST_FEATURE,Да,feature,Особенности конкурса,"Список коротких пояснений, которые показываются участнику.","textarea:{'json_scalar_array': True, 'min_rows': 2, 'max_rows': 10}",required=False; allows_empty=True,"В сделку обязательно включена лицензия SPM, Данные основаны на оперативных кубах MIS, Данные основаны на тестовом источнике, Данные по УС основывается на дешборде по результативности КМ в Qlik Sense, Информация обновляется 1 раз в 2 недели по данным MIS, Информация обновляется еженедельно на основе отчета страхового брокера, Методика расчета рейтинга, определение победителей и преференций регламентируется методикой немонетарной мотивации 5583-2, Обновление информации происходит 1 раз в неделю, Обновление информации происходит раз в неделю, Победители получат бесплатное премиальное обслуживание 4 уровня сроком на один год, Победители получают один максимальный по достоинству бейдж, Показатель турнира - интегральный показатель на 50% учитывающий прирост комиссии и на 50% прирост тарифа, При расчете рейтинга используются данные ДТФ ЦА, Продукты AI-native исключаются из расчета, Продукты СберЗдоровья исключаются из расчета, Сделка принимается к учету после оплаты клиентов по счету, Турнир проводится для участников из СРБ, УБ и ПВБ, Турнир является тестовым и не влияет на рейтинг, Учёт договоров ведется с начала 2025 года, Учёт договоров ведется с начала 2026 года",348,0,Да,Да,Да
Конкурсы,CONTEST (PROM) 17-04 v0.csv,CONTEST_FEATURE,Да,gosbHidden,Скрыть от ГОСБ,Видят все ГОСБ кроме указанных,"textarea:{'json_scalar_array': True, 'min_rows': 2, 'max_rows': 8}",required=False; allows_empty=True,,348,0,Да,Да,Да
Конкурсы,CONTEST (PROM) 17-04 v0.csv,CONTEST_FEATURE,Да,gosbVisible,Показать в ГОСБ,Видят только указанные ГОСБ,"textarea:{'json_scalar_array': True, 'min_rows': 2, 'max_rows': 8}",required=False; allows_empty=True,,348,0,Да,Да,Да
Конкурсы,CONTEST (PROM) 17-04 v0.csv,CONTEST_FEATURE,Да,helpCodeList,Код помощи (элемент {index1}),Код справочного блока/подсказки для UI.,str:8,required=False; allows_empty=True,"KPK_NPA_1, MNS_AI_1, MNS_COM_1, MNS_HR_1, MNS_IT_1, SD_1",8,0,Да,Да,Да
Конкурсы,CONTEST (PROM) 17-04 v0.csv,CONTEST_FEATURE,Да,masking,Скрытие персональных данных,Флаг маскирования персональных данных в витрине конкурса.,enum,required=False; allows_empty=True,"[""Y"", ""N""]",348,0,Да,Да,Да
Конкурсы,CONTEST (PROM) 17-04 v0.csv,CONTEST_FEATURE,Да,minNumber,Минимум участников,Минимальное количество участников для формирования победителей,"numeric:{'comment': 'CONTEST_FEATURE.minNumber: целое 0…3 в JSON-редакторе (числовой ввод, не field_enums).', 'format': 'integer', 'min': 0, 'max': 3}",required=False; allows_empty=True; min=0; max=3; format=integer,"0, 1, 2, 3",348,0,Да,Да,Да
Конкурсы,CONTEST (PROM) 17-04 v0.csv,CONTEST_FEATURE,Да,momentRewarding,Момент награждения,DURIN - во время турнира; AFTER - по окончании турнира,enum,required=False; allows_empty=True,"[""AFTER"", ""DURIN""]",348,0,Да,Да,Да
Конкурсы,CONTEST (PROM) 17-04 v0.csv,CONTEST_FEATURE,Да,persomanNumberHidden,Скрыть от участников,Видят все участники кроме указанных табельных номеров,"textarea:{'json_scalar_array': True, 'min_rows': 2, 'max_rows': 8}",required=False; allows_empty=True,,348,0,Да,Да,Да
Конкурсы,CONTEST (PROM) 17-04 v0.csv,CONTEST_FEATURE,Да,persomanNumberVisible,Показать участникам,Видят только указанные табельные номера,"textarea:{'json_scalar_array': True, 'min_rows': 2, 'max_rows': 8}",required=False; allows_empty=True,"00673892, 01340230, 88888888",348,0,Да,Да,Да
Конкурсы,CONTEST (PROM) 17-04 v0.csv,CONTEST_FEATURE,Да,preferences,Преференции,Список дополнительных преимуществ/условий для участника.,list:15,required=False; allows_empty=True,"Итоги второго полугодия будут подведены в конце года. Победители получат всю информацию о призах и дальнейших действиях с адреса Research_EFS_KKSB@sberbank.ru, Команды победители получит бюджет на командообразующее мероприятие, Компания СберЗдоровье является спонсором 4х преференций «Обучение в СберУниверситете», Лучшие сотрудники команд победителей получат возможность посетить Индийский филиал и обменяться опытом с коллегами!, Лучшие сотрудники команд победителей получат возможность посетить филиал в Республике Беларусь и обменяться опытом с коллегами!, Лучший сотрудник команды победителя получит возможность посетить Индийский филиал и обменяться опытом с коллегами!, Лучший сотрудник команды победителя получит возможность посетить филиал в Республике Беларусь и обменяться опытом с коллегами!, Победитель получит электронный подарочный сертификат компании экосистемы Сбера",15,0,Да,Да,Да
Конкурсы,CONTEST (PROM) 17-04 v0.csv,CONTEST_FEATURE,Да,tbHidden,Скрыть от ТБ,Видят все ТБ кроме указанных,"textarea:{'json_scalar_array': True, 'min_rows': 2, 'max_rows': 8}",required=False; allows_empty=True,,348,0,Да,Да,Да
Конкурсы,CONTEST (PROM) 17-04 v0.csv,CONTEST_FEATURE,Да,tbVisible,Показать в ТБ,Видят только указанные ТБ,"textarea:{'json_scalar_array': True, 'min_rows': 2, 'max_rows': 8}",required=False; allows_empty=True,99,348,0,Да,Да,Да
Конкурсы,CONTEST (PROM) 17-04 v0.csv,CONTEST_FEATURE,Да,tournamentEndMailing,Письмо о завершении турнира,tournamentEndMailing,enum,required=False; allows_empty=True,"[""Y"", ""N""]",348,0,Да,Да,Да
Конкурсы,CONTEST (PROM) 17-04 v0.csv,CONTEST_FEATURE,Да,tournamentLikeMailing,Письмо о лайках,tournamentLikeMailing,enum,required=False; allows_empty=True,"[""Y"", ""N""]",348,0,Да,Да,Да
Конкурсы,CONTEST (PROM) 17-04 v0.csv,CONTEST_FEATURE,Да,tournamentListMailing,Рассылка списка участников,Параметры рассылки списка участников турнира.,list:348,required=False; allows_empty=True,,348,0,Да,Да,Да
Конкурсы,CONTEST (PROM) 17-04 v0.csv,CONTEST_FEATURE,Да,tournamentRewardingMailing,Рассылка о награждении,Параметры рассылки уведомлений о награждении.,enum,required=False; allows_empty=True,"[""Y"", ""N""]",348,0,Да,Да,Да
Конкурсы,CONTEST (PROM) 17-04 v0.csv,CONTEST_FEATURE,Да,tournamentStartMailing,Письмо о начале турнира,tournamentStartMailing,enum,required=False; allows_empty=True,"[""Y"", ""N""]",348,0,Да,Да,Да
Конкурсы,CONTEST (PROM) 17-04 v0.csv,CONTEST_FEATURE,Да,tournamentTeam,Командный турнир,tournamentTeam,enum,required=False; allows_empty=True,"[""Y"", ""N""]",15,0,Да,Да,Да
Конкурсы,CONTEST (PROM) 17-04 v0.csv,CONTEST_FEATURE,Да,typeRewarding,Режим награждения,"Тип выдачи наград (например, всем или одному лучшему).",enum,required=False; allows_empty=True,"[""all"", ""one""]",348,0,Да,Да,Да
Конкурсы,CONTEST (PROM) 17-04 v0.csv,CONTEST_FEATURE,Да,vid,Тип витрины,"Тип витрины/режим отображения конкурса (например, ПРОМ/ТЕСТ).",enum,required=False; allows_empty=True,"[""ПРОМ"", ""ТЕСТ""]",348,0,Да,Да,Да
Конкурсы,CONTEST (PROM) 17-04 v0.csv,CONTEST_INDICATOR_METHOD,Нет,,Метод расчёта индикатора,Алгоритм расчёта агрегированного индикатора конкурса (INTEGRAL/RELATION).,enum,required=True; allows_empty=False,"[""INTEGRAL"", ""RELATION""]",348,0,Да,Да,Нет
Конкурсы,CONTEST (PROM) 17-04 v0.csv,CONTEST_PERIOD,Да,,,,,,,316,32,Да,Да,Нет
Конкурсы,CONTEST (PROM) 17-04 v0.csv,CONTEST_PERIOD,Да,criterion_mark_type,Оператор критерия (элемент 0),Сравнение для порога criterion_mark_value.,enum,required=False; allows_empty=True,"["""", "">="", "">"", ""="", ""<="", ""<"", ""<>""]",0,0,Да,Да,Нет
Конкурсы,CONTEST (PROM) 17-04 v0.csv,CONTEST_PERIOD,Да,criterion_mark_value,Порог критерия (элемент 0),Целое 0…1000000 или пусто (см. editor_field_numeric).,"numeric:{'comment': 'CONTEST_PERIOD[0].criterion_mark_value: порог для оператора criterion_mark_type (как CRITERION_MARK_VALUE в расписании).', 'format': 'integer', 'min': 0, 'max': 1000000}",required=False; allows_empty=True,,0,0,Да,Да,Нет
Конкурсы,CONTEST (PROM) 17-04 v0.csv,CONTEST_PERIOD,Да,period_code,Код периода (элемент 0),Целое: −1 — особый период; 0 — текущий; 1+ — дополнительные периоды.,enum,required=False; allows_empty=True,"[""-1"", ""0"", ""1""]",0,0,Да,Да,Нет
Конкурсы,CONTEST (PROM) 17-04 v0.csv,CONTEST_SUBJECT,Нет,,Субъект конкурса,Объект расчёта конкурса: сотрудник или подразделение.,enum,required=True; allows_empty=False,"[""EMPLOYEE""]",348,0,Да,Да,Нет
Конкурсы,CONTEST (PROM) 17-04 v0.csv,CONTEST_TYPE,Нет,,Тип конкурса,Индивидуальный/турнирный,enum,required=True; allows_empty=False,"[""ИНДИВИДУАЛЬНЫЙ"", ""ИНДИВИДУАЛЬНЫЙ НАКОПИТЕЛЬНЫЙ"", ""ТУРНИРНЫЙ""]",348,0,Да,Да,Да
Конкурсы,CONTEST (PROM) 17-04 v0.csv,CREATE_DT,Нет,,Дата создания,Дата создания конкурса.,"textarea:{'input_type': 'date', 'storage_format': 'YYYY-MM-DD'}",required=True; allows_empty=False,,348,0,Да,Да,Да
Конкурсы,CONTEST (PROM) 17-04 v0.csv,FACTOR_MARK_TYPE,Нет,,Тип оценки,"Тип оценки показателя (например, рейтинг или критерий).",enum,required=True; allows_empty=False,"[""CRITERION"", ""RATING_MAX"", ""RATING_MIN""]",348,0,Да,Да,Да
Конкурсы,CONTEST (PROM) 17-04 v0.csv,FACTOR_MATCH,Нет,,Оператор сравнения,"Правило сравнения для определения результата (например, =, >, >=).",enum,required=True; allows_empty=False,"[""="", "">="", "">"", ""<"", ""<=""]",348,0,Да,Да,Да
Конкурсы,CONTEST (PROM) 17-04 v0.csv,FACT_POST_PROCESSING,Нет,,Постобработка факта,Метод постобработки фактического показателя (из справочника методов).,enum,required=False; allows_empty=True,"["""", ""PERCENTILE"", ""PERCENTILE_DOWN"", ""PERCENTILE_UPEST"", ""PERCENTILE_UP"", ""SPECIAL_INDICATOR_1"", ""COUNT_BIGGER""]",10,338,Да,Да,Нет
Конкурсы,CONTEST (PROM) 17-04 v0.csv,FULL_NAME,Нет,,Наименование конкурса,Короткое наименование конкурса,"textarea:{'input_type': 'text', 'min_rows': 2, 'max_rows': 8}",required=True; allows_empty=False,,348,0,Да,Да,Да
Конкурсы,CONTEST (PROM) 17-04 v0.csv,PLAN_METHOD_CODE,Нет,,Метод расчёта плана,Метод вычисления планового значения показателя (из справочника методов).,enum,required=True; allows_empty=False,"[""NOT_USED"", ""PRESET_VALUE"", ""DEPENDS_PREVIOUS_PERIOD""]",348,0,Да,Да,Нет
Конкурсы,CONTEST (PROM) 17-04 v0.csv,PLAN_MOD_METOD,Нет,,Операция модификации плана,"Операция изменения плана (например, MULTIPLIER/APPEND).",enum,required=False; allows_empty=True,"["""", ""MULTIPLIER"", ""APPEND""]",3,345,Да,Да,Нет
Конкурсы,CONTEST (PROM) 17-04 v0.csv,PLAN_MOD_VALUE,Нет,,Значение модификатора плана,Числовое значение модификатора для выбранного метода плана.,,required=True; allows_empty=False,,348,0,Да,Да,Нет
Конкурсы,CONTEST (PROM) 17-04 v0.csv,PRODUCT,Нет,,Продукт,Продукт или тематика конкурса.,enum,required=True; allows_empty=False,options_count=66,348,0,Да,Нет,Да
Конкурсы,CONTEST (PROM) 17-04 v0.csv,PRODUCT_GROUP,Нет,,Бизнес-направление,Продуктовая группа или направление конкурса.,enum,required=True; allows_empty=False,"[""DTaaS"", ""ВЭД, нац рынки, хедж"", ""Гарантии"", ""ДГР кредитные продукты"", ""ЕФС"", ""Команда"", ""Кредиты"", ""Лизинг"", ""Пассивы, РКО"", ""Продукты УБ в канале СБ1"", ""Системные"", ""Статусные"", ""Страхование"", ""ТФиДО"", ""Факторинг"", ""ФОТ"", ""Эквайринг"", ""Экосистема"", ""Эффективность"", ""Спец проекты""]",348,0,Да,Да,Да
Конкурсы,CONTEST (PROM) 17-04 v0.csv,SHOW_INDICATOR,Нет,,Отображаемый показатель,Подпись/единица отображения целевого показателя в UI.,,required=True; allows_empty=False,,348,0,Да,Да,Да
Конкурсы,CONTEST (PROM) 17-04 v0.csv,SOURCE_UPD_FREQUENCY,Нет,,Частота обновления источника,"Периодичность обновления данных источника, в днях.",,required=True; allows_empty=False,,348,0,Да,Да,Да
Конкурсы,CONTEST (PROM) 17-04 v0.csv,TARGET_TYPE,Нет,,Вид цели расчёта,"Тип цели расчёта конкурса (например, ПРОМ/ТЕСТ).",enum,required=True; allows_empty=False,"[""ПРОМ"", ""ТЕСТ""]",348,0,Да,Да,Нет
Группы / уровни,GROUP (PROM) 17-04 v0.csv,ADD_CALC_CRITERION,Нет,,Доп. критерий 1,Первый дополнительный критерий отбора участников.,"numeric:{'comment': 'ADD_CALC_CRITERION: метод 1 — дробь 0–1; метод 2 — целое 0–50; метод 3 — только пусто (empty_only).', 'conditional_formats': [{'when': {'column': 'GET_CALC_METHOD', 'equals': '1'}, 'format': 'decimal', 'min': 0, 'max': 1, 'decimal_places': 5}, {'when': {'column': 'GET_CALC_METHOD', 'equals': '2'}, 'format': 'integer', 'min': 0, 'max': 50}, {'when': {'column': 'GET_CALC_METHOD', 'equals': '3'}, 'format': 'empty_only'}], 'default_format': {'format': 'empty_only'}}",required=False; allows_empty=True,,279,176,Да,Да,Да
Группы / уровни,GROUP (PROM) 17-04 v0.csv,ADD_CALC_CRITERION_2,Нет,,Доп. критерий 2,Второй дополнительный критерий отбора участников.,"numeric:{'comment': 'ADD_CALC_CRITERION_2: те же ветки, что у ADD_CALC_CRITERION (метод 3 — empty_only).', 'conditional_formats': [{'when': {'column': 'GET_CALC_METHOD', 'equals': '1'}, 'format': 'decimal', 'min': 0, 'max': 1, 'decimal_places': 5}, {'when': {'column': 'GET_CALC_METHOD', 'equals': '2'}, 'format': 'integer', 'min': 0, 'max': 50}, {'when': {'column': 'GET_CALC_METHOD', 'equals': '3'}, 'format': 'empty_only'}], 'default_format': {'format': 'empty_only'}}",required=False; allows_empty=True,,279,176,Да,Да,Да
Группы / уровни,GROUP (PROM) 17-04 v0.csv,BASE_CALC_CODE,Нет,,Базовый уровень расчёта,"Уровень, относительно которого считается критерий отбора.",enum,required=False; allows_empty=True,"[""BANK"", ""TB"", ""GOSB"", ""GROUPING"", """"]",279,176,Да,Да,Да
Группы / уровни,GROUP (PROM) 17-04 v0.csv,CONTEST_CODE,Нет,,Код конкурса,Уникальный код конкурса,,required=True; allows_empty=False,,455,0,Да,Да,Да
Группы / уровни,GROUP (PROM) 17-04 v0.csv,GET_CALC_CRITERION,Нет,,Основной критерий отбора,Основной порог/значение для определения победителей.,"numeric:{'comment': 'GET_CALC_CRITERION: по GET_CALC_METHOD 1/2 — число; при методе 3 поле должно быть пустым (empty_only).', 'conditional_formats': [{'when': {'column': 'GET_CALC_METHOD', 'equals': '1'}, 'format': 'decimal', 'min': 0, 'max': 1, 'decimal_places': 5}, {'when': {'column': 'GET_CALC_METHOD', 'equals': '2'}, 'format': 'integer', 'min': 0, 'max': 50}, {'when': {'column': 'GET_CALC_METHOD', 'equals': '3'}, 'format': 'empty_only'}], 'default_format': {'format': 'empty_only'}}",required=False; allows_empty=True,,279,176,Да,Да,Да
Группы / уровни,GROUP (PROM) 17-04 v0.csv,GET_CALC_METHOD,Нет,,Метод выбора победителей,"Способ расчёта победителей: 1 - процент, 2 - TOP-N, 3 - по выполнению критерия.",enum,required=True; allows_empty=False,"[""1"", ""2"", ""3""]",455,0,Да,Да,Да
Группы / уровни,GROUP (PROM) 17-04 v0.csv,GROUP_CODE,Нет,,Уровень,На каких уровнях выбираем победителей,enum,required=True; allows_empty=False,"[""BANK"", ""TB"", ""GOSB"", ""GROUPING""]",455,0,Да,Да,Да
Группы / уровни,GROUP (PROM) 17-04 v0.csv,GROUP_VALUE,Нет,,Значения уровня,Конкретные коды/значения выбранного уровня группировки.,enum,required=True; allows_empty=False,"[""*"", ""[13]"", ""[16]"", ""[18]"", ""[38]"", ""[40]"", ""[42]"", ""[44]"", ""[52]"", ""[54]"", ""[55]"", ""[70]""]",455,0,Да,Да,Да
Показатели,INDICATOR (PROM) 17-04 v0.csv,CALC_TYPE,Нет,,Тип расчета,"«Ручной расчет» → 1, «Промышленный расчет» → 0.",enum,required=True; allows_empty=False,"[""1"", ""0""]",335,0,Да,Да,Нет
Показатели,INDICATOR (PROM) 17-04 v0.csv,CONTESTANT_SELECTION,Нет,,Способ определения ВКО,0 - ВКО на дату операции/дату отчета; 1 - ВКО на дату окончания турнира,enum,required=False; allows_empty=True,"[""0"", ""1""]",57,278,Да,Да,Нет
Показатели,INDICATOR (PROM) 17-04 v0.csv,CONTEST_CODE,Нет,,Код конкурса,Уникальный код конкурса,,required=True; allows_empty=False,,335,0,Да,Да,Да
Показатели,INDICATOR (PROM) 17-04 v0.csv,CONTEST_CRITERION,Нет,,Критерий конкурса,Критерий отбора данных по конкурсу на уровне индикатора.,,required=False; allows_empty=True,,0,335,Да,Да,Да
Показатели,INDICATOR (PROM) 17-04 v0.csv,FULL_NAME,Нет,,Название индикатора,Человекочитаемое название индикатора.,"textarea:{'min_rows': 2, 'max_rows': 8}; enum",required=True; allows_empty=False,options_count=78,335,0,Да,Да,Да
Показатели,INDICATOR (PROM) 17-04 v0.csv,INDICATOR_ADD_CALC_TYPE,Нет,,Роль в формуле,Роль индикатора в формуле: NUMERATOR (числитель) или DIVIDER (знаменатель).,enum,required=False; allows_empty=True,"["""", ""NUMERATOR"", ""DIVIDER""]",8,327,Да,Да,Да
Показатели,INDICATOR (PROM) 17-04 v0.csv,INDICATOR_AGG_FUNCTION,Нет,,Функция агрегации,Функция агрегации значений показателя,enum,required=False; allows_empty=True,"["""", ""SUM"", ""MAX"", ""MIN"", ""AVG"", ""COUNT"", ""COUNT_DISTINCT"", ""COUNT_DISTINCT_CUSTOMER"", ""COUNT_DISTINCT_DEAL"", ""LAST_VALUE""]",81,254,Да,Да,Нет
Показатели,INDICATOR (PROM) 17-04 v0.csv,INDICATOR_CALC_TYPE,Нет,,Тип расчёта индикатора,Служебный тип расчёта индикатора.,enum,required=True; allows_empty=False,"[""1""]",335,0,Да,Нет,Да
Показатели,INDICATOR (PROM) 17-04 v0.csv,INDICATOR_CODE,Нет,,Код показателя,Код индикатора в источнике данных.,enum,required=True; allows_empty=False,options_count=78,335,0,Да,Да,Нет
Показатели,INDICATOR (PROM) 17-04 v0.csv,INDICATOR_FILTER,Да,,Фильтр индикатора (JSON),Ограничения выборки операций по атрибутам источника для расчёта индикатора; в UI действует каскад: INDICATOR_CODE → code → type/match → condition|dt|value.,,required=False; allows_empty=True,,31,304,Да,Да,Нет
Показатели,INDICATOR (PROM) 17-04 v0.csv,INDICATOR_FILTER,Да,filtered_attribute_code,Код атрибута фильтра,Код атрибута из справочника источника; список ограничен текущим INDICATOR_CODE (indicator_filter_catalog.by_indicator_code).,str:107,required=False; allows_empty=True; dynamic_by=INDICATOR_CODE,"action_code, action_new_customer, category, ccy_code, coa_open_dt, coa_type_id, deal_is_msh, deal_type, deposit_period, early_termination, is_cva_product, is_manual_correct, kkp_status_code, kross_cnt, load_status, offer_close_date, pay_status, polis_dt, product, product_group, sale_channel, segment, segment_mk, stage, tb",107,0,Да,Да,Нет
Показатели,INDICATOR (PROM) 17-04 v0.csv,INDICATOR_FILTER,Да,filtered_attribute_condition,Список значений фильтра,Массив значений для текстовых условий; при наличии непустых condition_options в каталоге действует whitelist допустимых значений.,"list:95, str:544",required=False; allows_empty=True; dynamic_by=...+filtered_attribute_type; whitelist_from=condition_options,"0, 1, 10100, 14, 2, 20201, 20202, 20605, 41102, 41103, 41104, 41402, 41403, 41404, 41405, 41502, 41503, 41504, 41505, 41506, 41602, 41603, 41604, 8, 99",639,0,Да,Да,Нет
Показатели,INDICATOR (PROM) 17-04 v0.csv,INDICATOR_FILTER,Да,filtered_attribute_condition.*,Значение условия (элемент {index1}),Один элемент списка filtered_attribute_condition.,,,,0,0,Да,Да,Нет
Показатели,INDICATOR (PROM) 17-04 v0.csv,INDICATOR_FILTER,Да,filtered_attribute_dt,Дата фильтра,Дата для условий по датам (YYYY-MM-DD); при наличии в каталоге применяются границы filtered_attribute_min_date/max_date.,str:9,required=False; allows_empty=True; min/max from indicator_filter_catalog.by_type,"2025-01-01, 2026-01-01",9,0,Да,Да,Нет
Показатели,INDICATOR (PROM) 17-04 v0.csv,INDICATOR_FILTER,Да,filtered_attribute_match,Оператор фильтра,"Оператор сравнения/поиска; список ограничен парой (INDICATOR_CODE, filtered_attribute_code) и текущим filtered_attribute_type.",str:107,required=False; allows_empty=True; dynamic_by=INDICATOR_CODE+filtered_attribute_code+filtered_attribute_type,">, >=, IN, NOT_IN",107,0,Да,Да,Нет
Показатели,INDICATOR (PROM) 17-04 v0.csv,INDICATOR_FILTER,Да,filtered_attribute_max_date,Максимальная дата,Верхняя дата диапазона (для DATE).,"textarea:{'input_type': 'date', 'storage_format': 'YYYY-MM-DD'}",,,0,0,Да,Да,Нет
Показатели,INDICATOR (PROM) 17-04 v0.csv,INDICATOR_FILTER,Да,filtered_attribute_max_value,Максимальное числовое значение,Верхняя граница диапазона (для числовых типов).,numeric:{'format': 'decimal'},,,0,0,Да,Да,Нет
Показатели,INDICATOR (PROM) 17-04 v0.csv,INDICATOR_FILTER,Да,filtered_attribute_min_date,Минимальная дата,Нижняя дата диапазона (для DATE).,"textarea:{'input_type': 'date', 'storage_format': 'YYYY-MM-DD'}",,,0,0,Да,Да,Нет
Показатели,INDICATOR (PROM) 17-04 v0.csv,INDICATOR_FILTER,Да,filtered_attribute_min_value,Минимальное числовое значение,Нижняя граница диапазона (для числовых типов).,numeric:{'format': 'decimal'},,,0,0,Да,Да,Нет
Показатели,INDICATOR (PROM) 17-04 v0.csv,INDICATOR_FILTER,Да,filtered_attribute_type,Тип атрибута фильтра,"Тип атрибута; список ограничен парой (INDICATOR_CODE, filtered_attribute_code), недопустимое значение заменяется на первое допустимое.",str:107,required=False; allows_empty=True; dynamic_by=INDICATOR_CODE+filtered_attribute_code,"DATE, DECIMAL (38,12), INTEGER, STRING, date, string",107,0,Да,Да,Нет
Показатели,INDICATOR (PROM) 17-04 v0.csv,INDICATOR_FILTER,Да,filtered_attribute_value,Числовое значение фильтра,Значение для числового условия фильтра; при наличии в каталоге применяются границы filtered_attribute_min_value/max_value.,int:3,required=False; allows_empty=True; min/max from indicator_filter_catalog.by_type,"1, 31",3,0,Да,Да,Нет
Показатели,INDICATOR (PROM) 17-04 v0.csv,INDICATOR_MARK_TYPE,Нет,,Тип оценки индикатора,"Тип оценки индикатора (например, RATING/CRITERION).",enum,required=True; allows_empty=False,"[""CRITERION"", ""GAIN"", ""RATING""]",335,0,Да,Нет,Да
Показатели,INDICATOR (PROM) 17-04 v0.csv,INDICATOR_MATCH,Нет,,Оператор сравнения,Правило сравнения значения индикатора.,enum,required=True; allows_empty=False,"[""="", "">="", ""MAX"", ""MIN"", ""X2"", ""X3"", ""X4""]",335,0,Да,Нет,Да
Показатели,INDICATOR (PROM) 17-04 v0.csv,INDICATOR_OBJECT,Нет,,INDICATOR_OBJECT,INDICATOR_OBJECT,,required=False; allows_empty=True,,0,335,Да,Нет,Да
Показатели,INDICATOR (PROM) 17-04 v0.csv,INDICATOR_VALUE,Нет,,Пороговое значение индикатора,Порог/значение индикатора для правила расчёта.,"numeric:{'comment': 'INDICATOR_VALUE: целое число от 0 до 1000000000 включительно (числовое поле ввода, не выпадающий список).', 'format': 'integer', 'min': 0, 'max': 1000000000}",required=False; allows_empty=True; min=0; max=1000000000; format=integer,,201,134,Да,Нет,Да
Показатели,INDICATOR (PROM) 17-04 v0.csv,INDICATOR_WEIGHT,Нет,,Вес показателя,Вес (коэффициент) индикатора в итоговой формуле конкурса.,"numeric:{'comment': 'INDICATOR_WEIGHT: целое от -10 до 1000; пустая строка допустима (allows_empty в editor_field_ui).', 'format': 'integer', 'min': -10, 'max': 1000}",required=False; allows_empty=True; min=-10; max=1000; format=integer,,81,254,Да,Да,Нет
Показатели,INDICATOR (PROM) 17-04 v0.csv,N,Нет,,Порядковый номер,Технический порядковый номер записи индикатора.,,required=True; allows_empty=False,,335,0,Да,Нет,Нет
Награды,REWARD (PROM) 17-04 v0.csv,FULL_NAME,Нет,,Наименование награды,Краткое отображаемое название награды.,"textarea:{'min_rows': 2, 'max_rows': 10}",required=True; allows_empty=False,,609,0,Да,Да,Да
Награды,REWARD (PROM) 17-04 v0.csv,REWARD_ADD_DATA,Да,,,,,,,609,0,Да,Да,Да
Награды,REWARD (PROM) 17-04 v0.csv,REWARD_ADD_DATA,Да,bookingRequired,Требуется бронирование,Флаг: для награды необходимо предварительное бронирование.,enum,required=False; allows_empty=True,"[""Y"", ""N""]",62,0,Да,Да,Да
Награды,REWARD (PROM) 17-04 v0.csv,REWARD_ADD_DATA,Да,businessBlock,Бизнес-блок,businessBlock[0],enum,required=False; allows_empty=True,"["""", ""KMKKSB"", ""MNS"", ""KMSB1"", ""SERVICEMEN"", ""KMFACTORING"", ""IMUB"", ""RNUB"", ""RSB1""]",601,0,Да,Да,Да
Награды,REWARD (PROM) 17-04 v0.csv,REWARD_ADD_DATA,Да,commingSoon,Скоро будет,commingSoon,enum,required=False; allows_empty=True,"[""Y"", ""N""]",62,0,Да,Да,Да
Награды,REWARD (PROM) 17-04 v0.csv,REWARD_ADD_DATA,Да,deliveryRequired,Требуется доставка,Флаг: награда требует оформления доставки.,enum,required=False; allows_empty=True,"[""Y"", ""N""]",62,0,Да,Да,Да
Награды,REWARD (PROM) 17-04 v0.csv,REWARD_ADD_DATA,Да,feature,feature,feature,"textarea:{'json_scalar_array': True, 'min_rows': 2, 'max_rows': 10}",required=False; allows_empty=True,"Без занесения в личное дело, Встреча лидеров традиционно проводится в последний вторник месяца, Доступно всего 20 книг, Доступно всего 3 книги, Доступно всего 3 онлайн-сессий, Доступно всего 5 книг, Доступно всего 5 мест на стажировку, Доступно всего 5 онлайн-сессий, Доступно для выбора 3 колонки, Можно выбрать 1 обучение в год, После зачисления вся информация о программе появится в «Пульсе» в разделе «Развитие», Сертификат будет направлен Вам в течение первого полугодия 2026 года на рабочую почту, Сертификат будет направлен вам в течение второго полугодия на рабочую почту, Специальный приз от спонсара КЭС Нетология, Специальный приз от спонсара КЭС СберЗдоровье., Стажировка пройдёт в Москве во 2-м полугодии 2026 года (1-2 дня на усмотрение организатора), Стажировка пройдёт во 2 полугодии 2025 года, Точные даты обеда будут определены в четвертом квартале 2025 года, Точные даты обеда будут определены во втором квартале 2026 года, Точные даты обеда будут определены во втором полугодии 2025 года",609,0,Да,Да,Да
Награды,REWARD (PROM) 17-04 v0.csv,REWARD_ADD_DATA,Да,fileName,Код медиа-файла,Идентификатор файла/ресурса награды в витрине.,str:609,required=False; allows_empty=True,", CHAMPION_LEAGUE_2023_1, CHAMPION_LEAGUE_2023_2, CT_TITLE_PROJECT, GURU, INDIA_COMMISSION_100K, INDIA_COMMISSION_3M, INDIA_COMMISSION_500K, INDIA_COMMISSION_X2, INDIA_COMMISSION_X3, INDIA_COMMISSION_X4, SUPERBONUS_2023_TOP1, SUPERBONUS_2023_TOP10, SUPERBONUS_2023_TOP20, SUPERBONUS_2023_TOP20+, SUPERCUP_2023, TOURNAMENT_CONDITIONAL_DEALS_BANK, TOURNAMENT_CONDITIONAL_DEALS_GOSB, TOURNAMENT_CONDITIONAL_DEALS_TB, VASCODAGAMA",28,581,Да,Да,Да
Награды,REWARD (PROM) 17-04 v0.csv,REWARD_ADD_DATA,Да,getCondition,,,dict:62,,,62,0,Да,Да,Да
Награды,REWARD (PROM) 17-04 v0.csv,REWARD_ADD_DATA,Да,getCondition.employeeRating,,,dict:59,,,59,0,Да,Да,Да
Награды,REWARD (PROM) 17-04 v0.csv,REWARD_ADD_DATA,Да,getCondition.employeeRating.minCrystalEarnedTotal,Минимум кристаллов,Минимальное количество кристаллов для чтобы получить преференцию,"numeric:{'comment': 'REWARD_ADD_DATA.getCondition.employeeRating.minCrystalEarnedTotal: целое 1…50 или пусто (allows_empty в editor_field_ui).', 'format': 'integer', 'min': 1, 'max': 50}",required=False; allows_empty=True; min=1; max=50; format=integer,", 10, 3",2,57,Да,Да,Да
Награды,REWARD (PROM) 17-04 v0.csv,REWARD_ADD_DATA,Да,getCondition.employeeRating.minRatingBANK,Минимальный рейтинг в стране,Минимальный рейтинг в стране для чтобы получить преференцию,"numeric:{'comment': 'REWARD_ADD_DATA.getCondition.employeeRating.minRatingBANK: целое 1…100 или пусто (allows_empty в editor_field_ui).', 'format': 'integer', 'min': 1, 'max': 100}",required=False; allows_empty=True; min=1; max=100; format=integer,", 1, 10, 100, 15, 25, 3, 30, 35, 40, 5, 50",43,16,Да,Да,Да
Награды,REWARD (PROM) 17-04 v0.csv,REWARD_ADD_DATA,Да,getCondition.employeeRating.minRatingGOSB,Минимальный рейтинг в ТБ,Минимальный рейтинг в ТБ для чтобы получить преференцию,"numeric:{'comment': 'REWARD_ADD_DATA.getCondition.employeeRating.minRatingGOSB: целое 1…5 или пусто (allows_empty в editor_field_ui).', 'format': 'integer', 'min': 1, 'max': 5}",required=False; allows_empty=True; min=1; max=5; format=integer,", 1",3,56,Да,Да,Да
Награды,REWARD (PROM) 17-04 v0.csv,REWARD_ADD_DATA,Да,getCondition.employeeRating.minRatingTB,Минимальный рейтинг в ГОСБ,Минимальный рейтинг в ГОСБ для чтобы получить преференцию,"numeric:{'comment': 'REWARD_ADD_DATA.getCondition.employeeRating.minRatingTB: целое 1…10 или пусто (allows_empty в editor_field_ui).', 'format': 'integer', 'min': 1, 'max': 10}",required=False; allows_empty=True; min=1; max=10; format=integer,", 1, 2, 3, 5",12,47,Да,Да,Да
Награды,REWARD (PROM) 17-04 v0.csv,REWARD_ADD_DATA,Да,getCondition.employeeRating.seasonCode,Сезон рейтинга,В каком сезоне надо занять минимальный рейтинг,enum,required=False; allows_empty=True,"["""", ""NON"", ""SEASON_2024"", ""SEASON_2025_1"", ""SEASON_2025_2"", ""SEASON_2026_1"", ""SEASON_2026_2"", ""SEASON_f_2025"", ""SEASON_f_2026"", ""SEASON_imub_2025"", ""SEASON_kmsb1_2025"", ""SEASON_m_2024"", ""SEASON_m_2025_1"", ""SEASON_m_2025_2"", ""SEASON_m_2026_1"", ""SEASON_m_2026_2"", ""SEASON_rnub_2025"", ""SEASON_rsb1_2025"", ""SEASON_s_2024"", ""SEASON_s_2025""]",59,0,Да,Да,Да
Награды,REWARD (PROM) 17-04 v0.csv,REWARD_ADD_DATA,Да,getCondition.nonRewards,Запрещающие награды,"Список кодов наград, при наличии которых текущая награда не выдаётся.","textarea:{'json_object_array': True, 'object_array_item_keys': ['nonRewardCode'], 'array_allows_empty': True, 'array_max_items': 32, 'min_rows': 2, 'max_rows': 12}",required=False; allows_empty=True,,62,0,Да,Да,Да
Награды,REWARD (PROM) 17-04 v0.csv,REWARD_ADD_DATA,Да,getCondition.nonRewards.nonRewardCode,Код исключающей награды,Код награды-исключения (элементы массива добавляются и удаляются кнопками в форме).,str:37,required=False; allows_empty=True,"ITEM_01, ITEM_01_2025-1_01, ITEM_01_2025-1_06, ITEM_01_2025-1_07, ITEM_01_2025-1_08, ITEM_01_2025-1_10, ITEM_01_2025-2_03, ITEM_01_2025-2_14, ITEM_02, ITEM_02_2025-1_01, ITEM_02_2025-1_03, ITEM_02_2025-1_14, ITEM_02_2025-2_01, ITEM_02_2025-2_02, ITEM_02_2025-2_07, ITEM_02_2025-2_09, ITEM_02_2025-2_10, ITEM_02_2025-2_11, ITEM_08, ITEM_m_01",37,0,Да,Да,Да
Награды,REWARD (PROM) 17-04 v0.csv,REWARD_ADD_DATA,Да,getCondition.rewards,Требуемые награды,Пары «код награды (BADGE) — количество (1/2/3)»; элементы массива добавляются и удаляются кнопками.,"textarea:{'json_object_array': True, 'object_array_item_keys': ['rewardCode', 'amount'], 'array_allows_empty': True, 'array_max_items': 32, 'min_rows': 2, 'max_rows': 12}",required=False; allows_empty=True,,62,0,Да,Да,Да
Награды,REWARD (PROM) 17-04 v0.csv,REWARD_ADD_DATA,Да,getCondition.rewards.amount,Количество (1 / 2 / 3),Сколько единиц указанной награды требуется.,str:7,required=False; allows_empty=True,1,7,0,Да,Да,Да
Награды,REWARD (PROM) 17-04 v0.csv,REWARD_ADD_DATA,Да,getCondition.rewards.rewardCode,Код требуемой награды (BADGE),Должен совпадать с REWARD_CODE строки с REWARD_TYPE=BADGE; подсветка при вводе.,str:7,required=False; allows_empty=True,"REWARD_23_04, REWARD_31_01, REWARD_39_03, r_01_2025-0_13-1_3, r_01_2025-2_03-5_1, r_02_2025-2_03-5_1",7,0,Да,Да,Да
Награды,REWARD (PROM) 17-04 v0.csv,REWARD_ADD_DATA,Да,helpCodeList,helpCodeList[{index}],helpCodeList[{index}],enum,required=False; allows_empty=True,"[""AST_1"", ""NFT_1""]",31,0,Да,Да,Да
Награды,REWARD (PROM) 17-04 v0.csv,REWARD_ADD_DATA,Да,hidden,Скрыть,hidden,enum,required=False; allows_empty=True,"[""Y"", ""N""]",609,0,Да,Да,Да
Награды,REWARD (PROM) 17-04 v0.csv,REWARD_ADD_DATA,Да,hiddenRewardList,Скрыть в списках,hiddenRewardList,enum,required=False; allows_empty=True,"[""Y"", ""N""]",144,0,Да,Да,Да
Награды,REWARD (PROM) 17-04 v0.csv,REWARD_ADD_DATA,Да,ignoreConditions,Доступность без условий,Перечисленные табельные номера не требуют выполнения условий,"textarea:{'json_scalar_array': True, 'min_rows': 2, 'max_rows': 12}",required=False; allows_empty=True,01133564,62,0,Да,Да,Да
Награды,REWARD (PROM) 17-04 v0.csv,REWARD_ADD_DATA,Да,isGrouping,isGrouping,isGrouping,enum,required=False; allows_empty=True,"[""Y"", ""N""]",62,0,Да,Да,Да
Награды,REWARD (PROM) 17-04 v0.csv,REWARD_ADD_DATA,Да,isGroupingName,isGroupingName,isGroupingName,str:62,required=False; allows_empty=True,"SberShop, Благодарность, Благодарственное письмо, Книга от Ситнова ВВ, Онлайн с Меламедом СВ, Стажировка ДГР, Стажировка ДРКБ, Стажировка Сберздоровье, встреча лидеров, гаджет, гемба ЦА, обед, очная стажировка, проектная деятельность",62,0,Да,Да,Да
Награды,REWARD (PROM) 17-04 v0.csv,REWARD_ADD_DATA,Да,isGroupingTitle,isGroupingTitle,isGroupingTitle,str:62,required=False; allows_empty=True,", Месяц мероприятия",2,60,Да,Да,Да
Награды,REWARD (PROM) 17-04 v0.csv,REWARD_ADD_DATA,Да,isGroupingTultip,isGroupingTultip,isGroupingTultip,str:62,required=False; allows_empty=True,", Выберите месяц",2,60,Да,Да,Да
Награды,REWARD (PROM) 17-04 v0.csv,REWARD_ADD_DATA,Да,itemAmount,Количество товаров,itemAmount,str:62,required=False; allows_empty=True,", 1, 10, 100, 103, 105, 11, 110, 14, 15, 16, 2, 20, 3, 30, 4, 40, 5, 7",60,2,Да,Да,Да
Награды,REWARD (PROM) 17-04 v0.csv,REWARD_ADD_DATA,Да,itemFeature,itemFeature,itemFeature,"textarea:{'json_scalar_array': True, 'min_rows': 2, 'max_rows': 10}",required=False; allows_empty=True,"Активность займёт один рабочий день, Дата сессии будет определена в четвертом квартале, Дата сессии будет определена во втором квартале 2026 года, Доступно всего 15 мест на стажировку, Доступно всего 5 мест на стажировку, Можно выбрать 1 обучение в год, Можно выбрать 1 обучение за год, Нельзя забронировать совместно с колонкой Sber Boom Home, Нельзя забронировать совместно с очным обучением в СберУниверситете и с обедом с лидерами ЦА, Нельзя забронировать совместно с очным обучением в СберУниверситете и с участием в программе «Мастерская развития бизнеса КПК», Нельзя забронировать совместно с сертификатом в SberShop, Нельзя забронировать совместно с сертифиукатом в SberShop, Нельзя забронировать совместно с участием в программе «Мастерская развития бизнеса КПК», а также с Обедом с лидерами ЦА, Нельзя забронировать совместно со стажировкой Героев продаж в ЦА 2026, Ориентировочный срок доставки письма — 3 месяц с момента заказа., С вами свяжутся в течение четвертого квартала, чтобы уточнить контактные данные родителей. Благодарственное письмо пришлют по почте прямо к Вашему рабочему месту, указанному в справочнике., Сертификат будет направлен Вам в течение второго полугодия на рабочую почту, Сертификат будет направлен Вам в течение первого полугодия 2026 года на рабочую почту, Стажировка пройдёт во 2 полугодии 2025 года, Точные даты обеда будут определены во втором полугодии 2025 года",61,0,Да,Да,Да
Награды,REWARD (PROM) 17-04 v0.csv,REWARD_ADD_DATA,Да,itemGroupAmount,Групповые лимиты по месяцам,Пары «месяц — лимит (0…100)»; строки массива добавляются и удаляются кнопками.,"textarea:{'json_object_array': True, 'object_array_item_keys': ['itemParam', 'itemParamAmount'], 'array_allows_empty': True, 'array_max_items': 32, 'min_rows': 2, 'max_rows': 12}",required=False; allows_empty=True,,62,0,Да,Да,Да
Награды,REWARD (PROM) 17-04 v0.csv,REWARD_ADD_DATA,Да,itemGroupAmount.itemParam,Месяц,Календарный месяц для лимита выдачи.,enum,required=False; allows_empty=True,"[""Январь"", ""Февраль"", ""Март"", ""Апрель"", ""Май"", ""Июнь"", ""Июль"", ""Август"", ""Сентябрь"", ""Октябрь"", ""Ноябрь"", ""Декабрь""]",2,0,Да,Да,Да
Награды,REWARD (PROM) 17-04 v0.csv,REWARD_ADD_DATA,Да,itemGroupAmount.itemParamAmount,Лимит (0–100),Число от 0 до 100 в виде текста; подсветка при совпадении с допустимым значением.,str:2,required=False; allows_empty=True,15,2,0,Да,Да,Да
Награды,REWARD (PROM) 17-04 v0.csv,REWARD_ADD_DATA,Да,itemLimitCount,Лимит по количеству (itemLimitCount),Целое число от 1 до 5 включительно (числовой ввод).,"numeric:{'comment': 'REWARD_ADD_DATA.itemLimitCount: целое 1…5 в JSON-редакторе (без field_enums).', 'format': 'integer', 'min': 1, 'max': 5}",required=False; allows_empty=True; min=1; max=5; format=integer,1,62,0,Да,Да,Да
Награды,REWARD (PROM) 17-04 v0.csv,REWARD_ADD_DATA,Да,itemLimitPeriod,Период лимита выдачи,"Период, в рамках которого действует лимит количества выдач.",enum,required=False; allows_empty=True,"[""once""]",62,0,Да,Да,Да
Награды,REWARD (PROM) 17-04 v0.csv,REWARD_ADD_DATA,Да,itemMinShow,Минимум показов (itemMinShow),Целое число от 1 до 10 включительно (числовой ввод).,"numeric:{'comment': 'REWARD_ADD_DATA.itemMinShow: целое 1…10 в JSON-редакторе (без field_enums).', 'format': 'integer', 'min': 1, 'max': 10}",required=False; allows_empty=True; min=1; max=10; format=integer,"1, 10, 2, 3, 4, 5",62,0,Да,Да,Да
Награды,REWARD (PROM) 17-04 v0.csv,REWARD_ADD_DATA,Да,masterBadge,Мастер-бейдж,Флаг принадлежности награды к мастер-бейджам.,enum,required=False; allows_empty=True,"[""Y"", ""N""]",539,0,Да,Да,Да
Награды,REWARD (PROM) 17-04 v0.csv,REWARD_ADD_DATA,Да,newsType,Тип новости,"Формат новости о награде (например, AIPROMPT/TEMPLATE).",enum,required=False; allows_empty=True,"[""AIPROMPT"", ""TEMPLATE""]",59,0,Да,Да,Да
Награды,REWARD (PROM) 17-04 v0.csv,REWARD_ADD_DATA,Да,nftFlg,NFT-награда,Флаг NFT-формата награды.,enum,required=False; allows_empty=True,"[""Y"", ""N""]",609,0,Да,Да,Да
Награды,REWARD (PROM) 17-04 v0.csv,REWARD_ADD_DATA,Да,outstanding,Публиковать в ленте,Флаг публикации новости о получении награды в ленте.,enum,required=False; allows_empty=True,"[""Y"", ""N""]",609,0,Да,Да,Да
Награды,REWARD (PROM) 17-04 v0.csv,REWARD_ADD_DATA,Да,parentRewardCode,Родительская награда,Код родительской награды в иерархии.,str:545,required=False; allows_empty=True,"LABEL_01, LABEL_02, LABEL_03, LABEL_05, LABEL_06, LABEL_07, r_01_2025-0_00-2_1_1, r_01_2025-0_00-2_2_1, r_01_2025-0_01-3_1, r_01_2025-0_01-4_1, r_01_2025-0_01-4_2, r_01_2025-0_01-4_3, r_01_2025-0_01-5_1, r_01_2025-0_01-9_1, r_01_2025-0_01-9_2, r_01_2025-0_01-9_3, r_01_2025-0_03-2-1_1, r_01_2025-0_03-2-2_1, r_01_2025-0_03-2-3_1, r_01_2025-0_03-2-3_2",545,0,Да,Да,Да
Награды,REWARD (PROM) 17-04 v0.csv,REWARD_ADD_DATA,Да,persomanNumberVisible,Показать участникам,Видят только указанные табельные номера,"textarea:{'json_scalar_array': True, 'min_rows': 2, 'max_rows': 8}",required=False; allows_empty=True,,20,0,Да,Да,Да
Награды,REWARD (PROM) 17-04 v0.csv,REWARD_ADD_DATA,Да,preferences,preferences[0],preferences[0],str:9,required=False; allows_empty=True,"Команды победители получит бюджет на командообразующее мероприятие, Лучшие сотрудники команд победителей получат возможность посетить Индийский филиал и обменяться опытом с коллегами!, Лучшие сотрудники команд победителей получат возможность посетить филиал в Республике Беларусь и обменяться опытом с коллегами!, Лучший сотрудник команды победителя получит возможность посетить Индийский филиал и обменяться опытом с коллегами!, Лучший сотрудник команды победителя получит возможность посетить филиал в Республике Беларусь и обменяться опытом с коллегами!, Победитель получит электронный подарочный сертификат компании экосистемы Сбера",9,0,Да,Да,Да
Награды,REWARD (PROM) 17-04 v0.csv,REWARD_ADD_DATA,Да,priority,Приоритет награды,Приоритет отображения/обработки награды.,enum,required=False; allows_empty=True,"[""1"", ""2"", ""3""]",539,0,Да,Да,Да
Награды,REWARD (PROM) 17-04 v0.csv,REWARD_ADD_DATA,Да,recommendationLevel,Уровень рекомендации,Рекомендуемый уровень применения награды (BANK/TB/GOSB/NON).,enum,required=False; allows_empty=True,"[""BANK"", ""TB"", ""GOSB"", ""NON""]",539,0,Да,Да,Да
Награды,REWARD (PROM) 17-04 v0.csv,REWARD_ADD_DATA,Да,refreshOldNews,Обновлять старые новости,Флаг обновления ранее созданных новостей по награде.,enum,required=False; allows_empty=True,"[""Y"", ""N""]",422,0,Да,Да,Да
Награды,REWARD (PROM) 17-04 v0.csv,REWARD_ADD_DATA,Да,rewardAgainGlobal,Повторная выдача (глобально),Разрешение на повторное получение награды в целом.,enum,required=False; allows_empty=True,"[""Y"", ""N""]",609,0,Да,Да,Да
Награды,REWARD (PROM) 17-04 v0.csv,REWARD_ADD_DATA,Да,rewardAgainTournament,Повторная выдача (в турнире),Разрешение на повторное получение награды в рамках одного турнира.,enum,required=False; allows_empty=True,"[""Y"", ""N""]",609,0,Да,Да,Да
Награды,REWARD (PROM) 17-04 v0.csv,REWARD_ADD_DATA,Да,rewardRule,Правило выдачи,Текстовое правило получения награды.,str:609,required=False; allows_empty=True,"Книга будет направлена внутренней почтой к Вашему рабочему месту, указанному в справочнике, в течение второго квартала 2026 года., Книга будет направлена внутренней почтой к Вашему рабочему месту, указанному в справочнике, в течение четвертого квартала 2025 года., Колонку пришлют по почте прямо к Вашему рабочему месту, указанному в справочнике в течение второго полугодия 2025 года., Команда проекта свяжется с Вами в течение августа 2025 года по рабочей почте для подтверждения бронирования и расскажет о дальнейших шагах., Команда проекта свяжется с Вами в течение второго квартала 2026 года по рабочей почте для подтверждения бронирования и расскажет о дальнейших шагах, Команда проекта свяжется с Вами в течение второго квартала 2026 года по рабочей почте для подтверждения бронирования и расскажет о дальнейших шагах., Команда проекта свяжется с Вами в течение второго полугодия 2025 года по рабочей почте для подтверждения бронирования и расскажет о дальнейших шагах., Команда проекта свяжется с Вами в течение первого квартала 2025 года по рабочей почте для подтверждения бронирования и расскажет о дальнейших шагах., Команда проекта свяжется с Вами в течение первого полугодия 2026 года по рабочей почте для подтверждения бронирования и расскажет о дальнейших шагах, Команда проекта свяжется с Вами в течение первого полугодия 2026 года по рабочей почте для подтверждения бронирования и расскажет о дальнейших шагах., Команда проекта свяжется с Вами в течение четвертого квартала 2025 года по рабочей почте для подтверждения бронирования и расскажет о дальнейших шагах., Команда проекта свяжется с Вами в четвертом 2025 года по рабочей почте для подтверждения бронирования и расскажет о дальнейших шагах., Команда проекта свяжется с Вами заранее по рабочей почте для подтверждения бронирования и расскажет о дальнейших шагах., С вами свяжутся в течение второго квартала, чтобы уточнить контактные данные родителей. Благодарственное письмо пришлют по почте прямо к Вашему рабочему месту, ука",434,175,Да,Да,Да
Награды,REWARD (PROM) 17-04 v0.csv,REWARD_ADD_DATA,Да,seasonItem,Сезон действия,"Сезон, в котором действует награда (одно значение или пусто).","textarea:{'json_scalar_array': True, 'array_allows_empty': True, 'array_max_items': 1, 'min_rows': 1, 'max_rows': 2}; enum",required=False; allows_empty=True,"["""", ""NON"", ""SEASON_2024"", ""SEASON_2025_1"", ""SEASON_2025_2"", ""SEASON_2026_1"", ""SEASON_2026_2"", ""SEASON_f_2025"", ""SEASON_f_2026"", ""SEASON_imub_2025"", ""SEASON_kmsb1_2025"", ""SEASON_m_2024"", ""SEASON_m_2025_1"", ""SEASON_m_2025_2"", ""SEASON_m_2026_1"", ""SEASON_m_2026_2"", ""SEASON_rnub_2025"", ""SEASON_rsb1_2025"", ""SEASON_s_2024"", ""SEASON_s_2025""]",107,0,Да,Да,Да
Награды,REWARD (PROM) 17-04 v0.csv,REWARD_ADD_DATA,Да,singleNews,Текст личной новости,Шаблон персональной новости о выдаче награды.,str:609,required=False; allows_empty=True,", [Имя] [gender:1:заключил|gender:2:заключила] 10 договоров с начала года на предоставление услуги по поиску контрагента в Индии - Business Develpment. Крутой результат!, [Имя] [gender:1:заключил|gender:2:заключила] 5 договоров с начала года на предоставление услуги по поиску контрагента в Индии - Business Develpment. Поздравляем, так держать!, [Имя] [gender:1:получил|gender:2:получила] награду «10 клиентов с валютными ПФИ». На текущий момент [gender:1:он|gender:2:она] [gender:1:привлек|gender:2:привлекла] 10 клиентов на сделки валютного хеджирования кредитов, начиная с 1 июня 2025 года, что является отличным результатом. Поздравляем!, [Имя] [gender:1:получил|gender:2:получила] награду «10 клиентов с процентными ПФИ». На текущий момент [gender:1:он|gender:2:она] [gender:1:привлек|gender:2:привлекла] 10 клиентов на сделки процентного хеджирования кредитов с начала 2025 года, что является отличным результатом. Поздравляем!, [Имя] [gender:1:получил|gender:2:получила] награду «Герой продаж 2025». [gender:1:Он|gender:2:Она] [gender:1:показал|gender:2:показала] высокие достижения по результатам работы за 2025 год и [gender:1:был|gender:2:была] [gender:1:выбран|gender:2:выбрана] в качестве лучшего КМ всем сообществом!, [Имя] [gender:1:получил|gender:2:получила] награду «Депозит в рупиях. Первая продажа». [gender:1:Он|gender:2:Она] [gender:1:заключил|gender:2:заключила] депозитный договор в рупиях суммой от 10 млн рублей от 10 дней. Поздравляем!, [Имя] [gender:1:получил|gender:2:получила] награду «Страхование залога в СберБизнес». [gender:1:Он|gender:2:Она] [gender:1:стал|gender:2:стала] [gender:1:одним|gender:2:одной] из первых менеджеров в стране, кто [gender:1:реализовал|gender:2:реализовала] данный страховой продукт. Поздравляем!, [Имя] [gender:1:получил|gender:2:получила] награду «Цифровое страхование СМР. Первая продажа». Поздравляем!, [Имя] [gender:1:провел|gender:2:провела] ДЕМО проекта цифровой трансформации на уровне старшего вице-президента КИБ Владимира Ситнова ",185,424,Да,Да,Да
Награды,REWARD (PROM) 17-04 v0.csv,REWARD_ADD_DATA,Да,tagColor,Цвет тега,Цветовой код тега (для наград типа LABEL).,enum,required=False; allows_empty=True,"[""green-70"", ""light-blue-80"", ""orange-80"", ""pink-80"", ""purple-80""]",6,0,Да,Да,Да
Награды,REWARD (PROM) 17-04 v0.csv,REWARD_ADD_DATA,Да,tagEndDT,Дата окончания тега,"Дата, до которой тег активен.","textarea:{'input_type': 'date', 'storage_format': 'YYYY-MM-DD'}",required=False; allows_empty=True,"2024-12-31, 2026-06-30, 4000-01-01",6,0,Да,Да,Да
Награды,REWARD (PROM) 17-04 v0.csv,REWARD_ADD_DATA,Да,teamNews,Текст командной новости,Шаблон новости для командного формата.,str:609,required=False; allows_empty=True,", <span>[Имя_Фамилия]</span> и еще [n] [amount:менеджер] ККСБ показали лучший результат среди всех в конкурсе лучший по профессии в 2025 году. Поздравляем с победой!, <span>[Имя_Фамилия]</span> и еще [n] [amount:менеджер] ККСБ стали призерами в конкурсе лучший по профессии в 2025 году. Поздравляем!, <span>[Имя_Фамилия]</span> и еще [n] [amount:менеджер] ККСБ стали финалистами в конкурсе лучший по профессии в 2025 году. Поздравляем!, <span>[Имя_Фамилия]</span> и еще [n] [amount:менеджер] заключили 10 договоров с начала года на предоставление услуги по поиску контрагента в Индии - Business Develpment. Крутой результат!, <span>[Имя_Фамилия]</span> и еще [n] [amount:менеджер] заключили 5 договоров с начала года на предоставление услуги по поиску контрагента в Индии - Business Develpment. Поздравляем, так держать!, <span>[Имя_Фамилия]</span> и еще [n] [amount:менеджер] заключили 5 новых договоров по ФОТ, по которым уже прошли перечисления. Поздравляем!, <span>[Имя_Фамилия]</span> и еще [n] [amount:менеджер] заработали для банка по 3 млн руб. комиссии от импортных и экспортных сделок с индийскими контрагентами, <span>[Имя_Фамилия]</span> и еще [n] [amount:менеджер] получили награду «5 клиентов на пакет услуг». На текущий момент они привлекли 5 клиентов на пакет услуг, что является отличным результатом. Поздравляем!, <span>[Имя_Фамилия]</span> и еще [n] [amount:менеджер] преодолели отметку в 10 млн руб. комиссии от импортных и экспортных сделок с индийскими контрагентами в 2025 году., <span>[Имя_Фамилия]</span> и еще [n] [amount:менеджер] провели ДЕМО проектов цифровой трансформации на уровне старшего вице-президента КИБ Владимира Ситнова совместно с CSM своего тербанка. Крутой результат, так держать!, <span>[Имя_Фамилия]</span> и еще [n] [amount:менеджер] реализовали сделку лизинга суммой 500 млн рублей. Крутой результат!, <span>[Имя_Фамилия]</span> и еще [n] [amount:менеджер] собрали комиссионное вознаграждение от продажи страхового продукта «Защита бизнеса 360» на сумму",185,424,Да,Да,Да
Награды,REWARD (PROM) 17-04 v0.csv,REWARD_ADD_DATA,Да,tournamentTeam,Командный турнир,tournamentTeam,enum,required=False; allows_empty=True,"[""Y"", ""N""]",21,0,Да,Да,Да
Награды,REWARD (PROM) 17-04 v0.csv,REWARD_ADD_DATA,Да,winCriterion,Критерий победы для новости,Формулировка критерия победы для генерации новости.,str:45,required=False; allows_empty=True,"Будь в команде ККСБ. Поздравление для команды ККСБ с Новым 2026 годом! Спасибо, что вы с нами!, Войди в ТОП-10 участников турнира во всей стране с максимальным полученным доходом от продукта рыночные продажи страхового брокера, Войди в ТОП-5 участников турнира в стране по приросту комиссионного дохода от банковских гарантий, Войди в ТОП-5 участников турнира по приросту остатка Активов в стране по приросту остатка активов за месяц, Выдай кредиты максимальному числу уникальных клиентов, Выдай кредиты наибольшему числу новых заемщиков, Выдай максимальную сумму кредитов в стране, Выдай максимальную число кредитов в стране, Необходимо в течение квартала получить комиссионное вознаграждение от продажи страхового продукта Защита бизнеса 360 на сумму не менее 500 тыс. рублей, Необходимо заключить депозит в рупиях на сумму более 10 млн рублей и на срок от 10 дней, Необходимо по продуктам Торговый эквайринг и Интернет-эквайринг показать положительный прирост по сравнению с предыдущими месяцами сразу двух показателей комиссионный доход и средневзвешенный тариф. Стань одним из 10 лучших клиентских менеджеров в стране, Необходимо подключать пакеты услуг СберПервого 4 или 5 уровня ЛПР-ам своих клиентов. Главное условие: на конец календарного месяца ЛПР должен иметь остатки свыше 10 млн. руб. ТОП-1 участник по стране станет обладателем золотой награды, Необходимо прирости по объему перечислений ФОТ за месяц на уровне всей страны и стать ТОП-5 в турнире, Необходимо разместить депозит в рупиях на сумму от 10 млн рупий на срок не менее 10 дней. Лучшие ТОП-3 участника по сумме таких депозитов станут победителями турнира и обладателями соответствующих наград бронза, серебро и золото, Прими участие в ГЕМБА ЦА по внедрению AI-агента в ТОП-процессы Банка. ГЕМБА прошла 1 декабря. На ней показывали агента по привлечению средств ЮЛ и агента по развитию бизнеса. Благодарим за активное вовлечение в ГЕМБа, глубокое понимание новых AI-проектов и их презентацию, Принимай участие в опросах, интерв",45,0,Да,Да,Да
Награды,REWARD (PROM) 17-04 v0.csv,REWARD_CODE,Нет,,Код награды,Уникальный код награды.,,required=True; allows_empty=False,,609,0,Да,Да,Да
Награды,REWARD (PROM) 17-04 v0.csv,REWARD_CONDITION,Нет,,Условие выдачи,Основание выдачи награды (победа/участие).,enum,required=True; allows_empty=False,"[""1"", ""2""]",609,0,Да,Да,Да
Награды,REWARD (PROM) 17-04 v0.csv,REWARD_COST,Нет,,Кристаллы награды,Целое число от 0 до 100 включительно (числовой ввод по editor_field_numeric).,"numeric:{'comment': 'REWARD_COST: целое число 0…100 (числовое поле, не выпадающий список field_enums).', 'format': 'integer', 'min': 0, 'max': 100}",required=True; allows_empty=False; min=0; max=100; format=integer,,609,0,Да,Да,Да
Награды,REWARD (PROM) 17-04 v0.csv,REWARD_DESCRIPTION,Нет,,Описание награды,Подробности о награде и условиях получения.,"textarea:{'min_rows': 6, 'max_rows': 20}",required=True; allows_empty=False,,609,0,Да,Да,Да
Награды,REWARD (PROM) 17-04 v0.csv,REWARD_TYPE,Нет,,Тип награды,Категория награды (ITEM/BADGE/LABEL/CRYSTAL).,enum,required=True; allows_empty=False,"[""BADGE"", ""CRYSTAL"", ""ITEM"", ""LABEL""]",609,0,Да,Да,Да
Связи конкурс — группа — награда,REWARD-LINK (PROM) 17-04 v0.csv,CONTEST_CODE,Нет,,Код конкурса,Уникальный код конкурса,,required=True; allows_empty=False,,609,0,Да,Да,Да
Связи конкурс — группа — награда,REWARD-LINK (PROM) 17-04 v0.csv,GROUP_CODE,Нет,,Уровень,Код уровня конкурса для связи награды (BANK/TB/GOSB/GROUPING).,enum,required=True; allows_empty=False,"[""BANK"", ""TB"", ""GOSB"", ""GROUPING""]",609,0,Да,Да,Да
Связи конкурс — группа — награда,REWARD-LINK (PROM) 17-04 v0.csv,REWARD_CODE,Нет,,Код награды,"Код награды, связанной с указанным конкурсом и уровнем.",,required=True; allows_empty=False,,609,0,Да,Да,Да
Расписание турниров,SCHEDULE (PROM) 17-04 v0.csv,CALC_TYPE,Нет,,Тип расчета,"В списке: «Ручной расчет» → 1, «Промышленный расчет» → 0.",enum,required=True; allows_empty=False,"[""1"", ""0""]",622,0,Да,Да,Нет
Расписание турниров,SCHEDULE (PROM) 17-04 v0.csv,CONTEST_CODE,Нет,,Код конкурса,Уникальный код конкурса,,required=True; allows_empty=False,,622,0,Да,Да,Да
Расписание турниров,SCHEDULE (PROM) 17-04 v0.csv,CRITERION_MARK_TYPE,Нет,,Оператор критерия участия,"Оператор сравнения для допуска участника в турнир (>, >=, = и т.д.).",enum,required=False; allows_empty=True,"["""", "">="", "">"", ""="", ""<="", ""<"", ""<>""]",46,576,Да,Да,Нет
Расписание турниров,SCHEDULE (PROM) 17-04 v0.csv,CRITERION_MARK_VALUE,Нет,,Значение критерия (CRITERION_MARK_VALUE),Целое число от 0 до 1000000 включительно (числовой ввод) или пустое значение.,"numeric:{'comment': 'CRITERION_MARK_VALUE: целое 0…1000000 или пусто (allows_empty в editor_field_ui).', 'format': 'integer', 'min': 0, 'max': 1000000}",required=False; allows_empty=True; min=0; max=1000000; format=integer,,46,576,Да,Да,Нет
Расписание турниров,SCHEDULE (PROM) 17-04 v0.csv,END_DT,Нет,,Дата окончания турнира,Дата окончания основного периода турнира.,"textarea:{'input_type': 'date', 'storage_format': 'YYYY-MM-DD'}",required=True; allows_empty=False,,622,0,Да,Да,Да
Расписание турниров,SCHEDULE (PROM) 17-04 v0.csv,FILTER_PERIOD_ARR,Да,,,,,,,62,560,Да,Да,Нет
Расписание турниров,SCHEDULE (PROM) 17-04 v0.csv,FILTER_PERIOD_ARR,Да,criterion_mark_type,Оператор критерия участия,Оператор сравнения для допуска участника.,enum,required=False; allows_empty=True,"["""", "">="", "">"", ""="", ""<="", ""<"", ""<>""]",0,0,Да,Да,Нет
Расписание турниров,SCHEDULE (PROM) 17-04 v0.csv,FILTER_PERIOD_ARR,Да,criterion_mark_value,Порог критерия участия,Пороговое значение критерия участия.,"numeric:{'comment': 'FILTER_PERIOD_ARR[0].criterion_mark_value: то же, что плоское CRITERION_MARK_VALUE (целое 0…1000000 или пусто).', 'format': 'integer', 'min': 0, 'max': 1000000}",required=False; allows_empty=True,,0,0,Да,Да,Нет
Расписание турниров,SCHEDULE (PROM) 17-04 v0.csv,FILTER_PERIOD_ARR,Да,end_dt,Дата окончания периода (end_dt),Формат YYYY-MM-DD.,"textarea:{'input_type': 'date', 'storage_format': 'YYYY-MM-DD'}",required=False; allows_empty=True,,0,0,Да,Да,Да
Расписание турниров,SCHEDULE (PROM) 17-04 v0.csv,FILTER_PERIOD_ARR,Да,period_code,Код периода,"Номер периода: 0 — текущий, 1..N — дополнительные.",enum,required=False; allows_empty=True,"[""0"", ""1""]",0,0,Да,Да,Нет
Расписание турниров,SCHEDULE (PROM) 17-04 v0.csv,FILTER_PERIOD_ARR,Да,start_dt,Дата начала периода (start_dt),Формат YYYY-MM-DD.,"textarea:{'input_type': 'date', 'storage_format': 'YYYY-MM-DD'}",required=False; allows_empty=True,,0,0,Да,Да,Да
Расписание турниров,SCHEDULE (PROM) 17-04 v0.csv,PERIOD_TYPE,Нет,,Тип периода,"Тип периодичности турнира (месяц, квартал, произвольный и т.п.).",enum,required=True; allows_empty=False,"[""турнир января"", ""турнир февраля"", ""турнир марта"", ""турнир апреля"", ""турнир мая"", ""турнир июня"", ""турнир июля"", ""турнир августа"", ""турнир сентября"", ""турнир октября"", ""турнир ноября"", ""турнир декабря"", ""март-июль"", ""турнир месяца"", ""турнир 2 месяца"", ""турнир 3 месяца"", ""турнир 4 месяца"", ""турнир 2 недели"", ""турнир 3 недели"", ""турнир 1 квартала"", ""турнир 2 квартала"", ""турнир 3 квартала"", ""турнир 4 квартала"", ""турнир квартала"", ""1 полугодие"", ""турнир 1 полугодия"", ""турнир 2 полугодия"", ""турнир года"", ""произвольный""]",622,0,Да,Да,Да
Расписание турниров,SCHEDULE (PROM) 17-04 v0.csv,PLAN_PERIOD_END_DT,Нет,,Конец планового периода,Дата окончания периода для расчёта планового значения/оценки роста.,"textarea:{'input_type': 'date', 'storage_format': 'YYYY-MM-DD'}",required=False; allows_empty=True,,124,498,Да,Да,Нет
Расписание турниров,SCHEDULE (PROM) 17-04 v0.csv,PLAN_PERIOD_START_DT,Нет,,Начало планового периода,Дата начала периода для расчёта планового значения/оценки роста.,"textarea:{'input_type': 'date', 'storage_format': 'YYYY-MM-DD'}",required=False; allows_empty=True,,124,498,Да,Да,Нет
Расписание турниров,SCHEDULE (PROM) 17-04 v0.csv,RESULT_DT,Нет,,Дата подведения итогов,Дата фиксации или публикации итогов турнира.,"textarea:{'input_type': 'date', 'storage_format': 'YYYY-MM-DD'}",required=False; allows_empty=True,,603,19,Да,Да,Да
Расписание турниров,SCHEDULE (PROM) 17-04 v0.csv,START_DT,Нет,,Дата начала турнира,Дата начала основного периода турнира.,"textarea:{'input_type': 'date', 'storage_format': 'YYYY-MM-DD'}",required=True; allows_empty=False,,622,0,Да,Да,Да
Расписание турниров,SCHEDULE (PROM) 17-04 v0.csv,TARGET_TYPE,Да,,,,,,,567,55,Да,Да,Нет
Расписание турниров,SCHEDULE (PROM) 17-04 v0.csv,TARGET_TYPE,Да,seasonCode,Сезон турнира,seasonCode,enum,required=False; allows_empty=True,"["""", ""NON"", ""SEASON_2024"", ""SEASON_2025_1"", ""SEASON_2025_2"", ""SEASON_2026_1"", ""SEASON_2026_2"", ""SEASON_f_2025"", ""SEASON_f_2026"", ""SEASON_imub_2025"", ""SEASON_kmsb1_2025"", ""SEASON_m_2024"", ""SEASON_m_2025_1"", ""SEASON_m_2025_2"", ""SEASON_m_2026_1"", ""SEASON_m_2026_2"", ""SEASON_rnub_2025"", ""SEASON_rsb1_2025"", ""SEASON_s_2024"", ""SEASON_s_2025""]",555,12,Да,Да,Нет
Расписание турниров,SCHEDULE (PROM) 17-04 v0.csv,TOURNAMENT_CODE,Нет,,Код турнира,Уникальный код турнира в рамках конкурса.,,required=True; allows_empty=False,,622,0,Да,Да,Да
Расписание турниров,SCHEDULE (PROM) 17-04 v0.csv,TOURNAMENT_STATUS,Нет,,Статус турнира,Текущий статус турнира.,enum,required=True; allows_empty=False,"[""АКТИВНЫЙ"", ""ПОДВЕДЕНИЕ ИТОГОВ"", ""ЗАВЕРШЕН"", ""ОТМЕНЕН"", ""УДАЛЕН""]",622,0,Да,Да,Да
Расписание турниров,SCHEDULE (PROM) 17-04 v0.csv,TRN_INDICATOR_FILTER,Нет,,Фильтр индикаторов турнира,Дополнительный фильтр индикаторов на уровне турнира.,,required=False; allows_empty=True,,0,622,Да,Нет,Нет
